case,location,date,fatalities,injured,total_victims,location.1,age_of_shooter,prior_signs_mental_health_issues,weapons_obtained_legally,weapon_type,race,gender,latitude,longitude,type,year,date_parsed
Austin bar shooting,"Austin, Texas",3/1/2026,3,13,16,Other,53,yes,-,semiautomatic handgun; semiautomatic rifle,Black,M,-,-,mass,2026,2026-03-01
Brown University and MIT shooting,"Providence, Rhode Island",12/13/2025,3,9,12,school,48,yes,-,semiautomatic handgun,white,M,-,-,Spree,2025,2025-12-13
Michigan Mormon church shooting,"Grand Blanc, Michigan",9/28/2025,4,8,12,Religious,40,yes,-,"semiautomatic rifle, exposive materials",white,M,-,-,Mass,2025,2025-09-28
North Carolina waterfront bar shooting,"Southport Yacht Basin, North Carolina",9/27/2025,3,8,11,Other,39,yes,-,semiautomatic rifle,white,M,-,-,Mass,2025,2025-09-27
Austin parking lot shooting,"Austin, Texas",8/11/2025,3,0,3,other,32,Yes,-,-,-,M,-,-,Mass,2025,2025-08-11
Montana bar shooting,"Anaconda, Montana",8/1/2025,4,0,4,workplace,45,Yes,Yes,semiautomatic rifle,white,M,-,-,Mass,2025,2025-08-01
NYC Park Avenue shooting,"Manhattan, New York",7/28/2025,4,1,5,workplace,27,Yes,Yes,semiautomatic rifle,-,M,-,-,Mass,2025,2025-07-28
Reno casino shooting,"Reno, Nevada",7/28/2025,3,3,6,workplace,26,No,-,semiautomatic handgun,white,M,-,-,Mass,2025,2025-07-28
Apalachee High School shooting,"Winder, Georgia",9/4/24,4,9,13,School,14,yes,-,semiautomatic rifle,White,M,-,-,mass,2024,2024-09-04
Arkansas grocery store shooting,"Fordyce, Arkansas",6/21/24,4,10,14,workplace,44,-,-,shotgun; semiautomatic pistol,White,M,-,-,mass,2024,2024-06-21
UNLV shooting,"Las Vegas, Nevada",12/6/23,3,1,4,School,67,-,-,semiautomatic handgun,White,M,-,-,mass,2023,2023-12-06
Maine bowling alley and bar shootings,"Lewiston, Maine",10/25/23,18,13,31,Other,40,yes,-,semiautomatic rifle,White,M,-,-,Spree,2023,2023-10-25
Jacksonville Dollar General store shooting,"Jacksonville, Florida",8/26/23,3,0,3,workplace,21,yes,yes,"semiautomatic rifle, semiautomatic handgun",White,M,-,-,mass,2023,2023-08-26
Orange County biker bar shooting,"Trabuco Canyon, California",8/23/23,3,6,9,Other,59,-,-,semiautomatic handguns; shotgun,White,M,-,-,mass,2023,2023-08-23
Philidelphia neighborhood shooting,"Philadelphia, Pennsylvania",7/3/23,5,2,7,Other,40,yes,yes,"semiautomatic rifle, semiautomatic handgun",Black,M,-,-,mass,2023,2023-07-03
New Mexico neighborhood shooting,"Farmington, New Mexico",5/15/23,3,6,9,Other,18,yes,yes,semiautiomatic rifle; semiautomatic pistol,White,M,-,-,mass,2023,2023-05-15
Texas outlet mall shooting,"Allen, Texas",5/6/23,8,7,15,Other,33,yes,yes,semiautomatic rifle,Latino,M,-,-,Mass,2023,2023-05-06
Louisville bank shooting,"Louisville, Kentucky",4/10/23,5,8,13,workplace,25,yes,yes,semiautomatic rifle,White,M,-,-,Mass,2023,2023-04-10
Nashville Christian school shooting,"Nashville, Tennessee",3/27/23,6,6,12,School,28,-,yes,"semiautomatic rifle, semiautomatic handgun",White,"F (""identifies as transgender"" and ""Audrey Hale is a biological woman who, on a social media profile, used male pronouns,” according to Nashville Metro PD officials)",-,-,Mass,2023,2023-03-27
Michigan State University shooting,"East Lansing, Michigan",2/13/23,3,5,8,School,43,-,yes,semiautomatic handguns,Black,M,-,-,Mass,2023,2023-02-13
Half Moon Bay spree shooting,"Half Moon Bay, California",1/23/23,7,1,8,workplace,67,-,-,semiautomatic handgun,Asian,M,-,-,Spree,2023,2023-01-23
LA dance studio mass shooting,"Monterey Park, California",1/21/23,11,10,21,Other,72,yes,-,semiautomatic assault weapon (Details pending),Asian,M,-,-,Mass,2023,2023-01-21
Virginia Walmart shooting,"Chesapeake, Virginia",11/22/22,6,6,12,Workplace,31,-,-,semiautomatic handgun,Black,M,-,-,Mass,2022,2022-11-22
LGBTQ club shooting,"Colorado Springs, Colorado",11/19/22,5,25,30,Other,22,yes,-,semiautomatic rifle; semiautomatic handgun,White,M,-,-,Mass,2022,2022-11-19
University of Virginia shooting,"Charlottesville, Virginia",11/13/22,3,2,5,School,22,-,yes,semiautomatic pistol,Black,M,-,-,Mass,2022,2022-11-13
Raleigh spree shooting,"Hedingham, North Carolina",10/13/22,5,2,7,Other,15,-,-,"shotgun, semiautomatic handgun",White,M,-,-,Spree,2022,2022-10-13
Greenwood Park Mall shooting,"Greenwood, Indiana",7/17/22,3,2,5,workplace,20,-,yes,semiautomatic rifles; semiautomatic handgun,White,M,-,-,Mass,2022,2022-07-17
Highland Park July 4 parade shooting,"Highland Park, Illinois",7/4/22,7,46,53,Other,21,-,yes,semiautomatic rifle,White,M,-,-,Mass,2022,2022-07-04
Church potluck dinner shooting,"Birmingham, Alabama",6/16/22,3,0,3,religious,70,-,yes,semiautomatic handgun,White,M,-,-,Mass,2022,2022-06-16
Concrete company shooting,"Smithsburg, Maryland",6/9/22,3,1,4,workplace,23,-,-,semiautomatic handgun,-,M,-,-,Mass,2022,2022-06-09
Tulsa medical center shooting,"Tulsa, Oklahoma",6/1/22,4,0,4,workplace,45,-,yes,semiautomatic rifle; semiautomatic handgun,Black,M,-,-,Mass,2022,2022-06-01
Robb Elementary School massacre,"Uvalde, Texas",5/24/22,21,17,38,School,18,yes,yes,semiautomatic rifles,Latino,M,-,-,Mass,2022,2022-05-24
Buffalo supermarket massacre,"Buffalo, New York",5/14/22,10,3,13,workplace,18,yes,yes,semiautomatic rifle,White,M,-,-,Mass,2022,2022-05-14
Sacramento County church shooting,"Sacramento, California",2/28/22,4,0,4,Religious,-,-,-,semiautomatic rifle,-,M,38.60111019,-121.4189659,Mass,2022,2022-02-28
Oxford High School shooting,"Oxford, Michigan",11/30/21,4,7,11,School,15,-,-,semiautomatic handgun,-,M,42.84410784,-83.25992831,Mass,2021,2021-11-30
San Jose VTA shooting,"San Jose, California",5/26/21,9,0,9,Workplace,57,yes,-,semiautomatic handguns,-,M,37.316097,-121.888533,Mass,2021,2021-05-26
FedEx warehouse shooting,"Indianapolis, Indiana",4/15/21,8,7,15,Workplace,19,yes,yes,semiautomatic rifle,White,M,39.68663,-86.32313,Mass,2021,2021-04-15
Orange office complex shooting,"Orange, California",3/31/21,4,1,5,Workplace,44,-,-,semiautomatic handgun,-,M,33.83542,-117.85379,Mass,2021,2021-03-31
Boulder supermarket shooting,"Boulder, Colorado",3/22/21,10,0,10,Workplace,21,yes,Yes,"semiautomatic rifle, semiautomatic handgun; tactical vest",-,M,39.986961,-105.251168,Mass,2021,2021-03-22
Atlanta massage parlor shootings,"Atlanta, Georgia",3/16/21,8,1,9,Workplace,21,-,-,semiautomatic handgun,White,M,34.111653,-84.580376,Spree,2021,2021-03-16
Springfield convenience store shooting,"Springfield, Missouri",3/16/20,4,0,4,Workplace,31,-,Yes,semiautomatic rifle; semiautomatic handgun,-,M,37.210432,-93.23686,Mass,2020,2020-03-16
Molson Coors shooting,"Milwaukee, Wisconsin",2/26/20,5,0,5,Workplace,51,-,-,semiautomatic handgun,Black,M,43.044511,-87.962537,Mass,2020,2020-02-26
Jersey City kosher market shooting,"Jersey City, New Jersey",12/10/19,4,3,7,Other,-,-,-,semiautomatic rifle; shotgun; semiautomatic handguns,Black,Male & Female,40.707363,-74.083609,Spree,2019,2019-12-10
Pensacola Naval base shooting,"Pensacola, Florida",12/6/19,3,8,11,Military,21,-,-,semiautomatic handgun,-,M,30.364707,-87.288567,Mass,2019,2019-12-06
Odessa-Midland shooting spree,"Odessa, Texas",8/31/19,7,25,32,Other,36,yes,-,semiautomatic rifle,White,M,31.925974,-102.2796,Spree,2019,2019-08-31
Dayton entertainment district shooting,"Dayton, Ohio",8/4/19,9,27,36,Other,24,-,Yes,semiautomatic rifle,White,M,39.757312,-84.184947,Mass,2019,2019-08-04
El Paso Walmart mass shooting,"El Paso, Texas",8/3/19,22,26,48,Workplace,21,-,Yes,semiautomatic rifle,White,M,31.771068,-106.375655,Mass,2019,2019-08-03
Gilroy garlic festival shooting,"Gilroy, California",7/28/19,3,12,15,Other,19,TBD,Yes,semiautomatic rifle,-,M,36.997191,-121.584819,Mass,2019,2019-07-28
Virginia Beach municipal building shooting,"Virginia Beach, Virginia",5/31/19,12,4,16,Workplace,40,TBD,Yes,2 handguns,Black,M,36.75442,-76.060378,Mass,2019,2019-05-31
Harry Pratt Co. warehouse shooting,"Aurora, Illinois",2/15/19,5,6,11,Workplace,45,Yes,No,handgun,Black,M,41.753725,-88.331057,Mass,2019,2019-02-15
Pennsylvania hotel bar shooting,"State College, Pennsylvania",1/24/19,3,1,4,Other,21,-,Yes,handgun,White,M,40.785142,-77.839411,Spree,2019,2019-01-24
SunTrust bank shooting,"Sebring, Florida",1/23/19,5,0,5,Workplace,21,Yes,Yes,handgun,White,M,27.471043,-81.45847,Mass,2019,2019-01-23
Mercy Hospital shooting,"Chicago, Illinois",11/19/18,3,0,3,Workplace,32,-,-,semiautomatic handgun,Latino,M,41.847667,-87.622009,Mass,2018,2018-11-19
Thousand Oaks nightclub shooting,"Thousand Oaks, California",11/7/18,12,22,34,Other,28,Yes,Yes,semiautomatic handgun,-,M,34.176946,-118.874793,Mass,2018,2018-11-07
Tree of Life synagogue shooting,"Pittsburgh, Pennsylvania",10/27/18,11,6,17,Religious,46,-,Yes,semiautomatic rifle; semiautomatic handguns,White,M,40.443898,-79.921398,Mass,2018,2018-10-27
Rite Aid warehouse shooting,"Perryman, Maryland",9/20/18,3,3,6,Workplace,26,-,Yes,semiautomatic handgun,Black,F,39.455658,-76.208485,Mass,2018,2018-09-20
T&T Trucking shooting,"Bakersfield, California",9/12/18,5,0,5,Workplace,54,-,Yes,handgun,Latino,M,35.349388,-118.916335,Spree,2018,2018-09-12
Fifth Third Center shooting,"Cincinnati, Ohio",9/6/18,3,2,5,Workplace,29,Yes,Yes,semiautomatic handgun,Latino,M,39.101981,-84.511782,Mass,2018,2018-09-06
Capital Gazette shooting,"Annapolis, Maryland",6/28/18,5,2,7,Workplace,38,-,Yes,shotgun,White,M,38.994548,-76.543657,Mass,2018,2018-06-28
Santa Fe High School shooting,"Santa Fe, Texas",5/18/18,10,13,23,School,17,-,TBD,shotgun; .38 revolver,White,M,29.392825,-95.141972,Mass,2018,2018-05-18
Waffle House shooting,"Nashville, Tennessee",4/22/18,4,4,8,Other,29,Yes,Yes,semiautomatic rifle,White,M,36.052521,-86.616944,Mass,2018,2018-04-22
Yountville veterans home shooting,"Yountville, California",3/9/18,3,0,3,Workplace,36,Yes,Yes,semiautomatic rifle; shotgun,Asian,M,38.392496,-122.366528,Mass,2018,2018-03-09
Marjory Stoneman Douglas High School shooting,"Parkland, Florida",2/14/18,17,17,34,School,19,Yes,Yes,semiautomatic rifle,White,M,26.30483,-80.269511,Mass,2018,2018-02-14
Pennsylvania carwash shooting,"Melcroft, Pennsylvania",1/28/18,4,1,5,Other,28,TBD,TBD,semiautomatic rifle and semiautomatic handgun,White,M,40.052151,-79.389166,Mass,2018,2018-01-28
Rancho Tehama shooting spree,"Rancho Tehama, California",11/14/17,5,10,15,Other,44,TBD,No,semiautomatic rifles,White,M,40.018759,-122.393089,Spree,2017,2017-11-14
Texas First Baptist Church massacre,"Sutherland Springs, Texas",11/5/17,26,20,46,Religious,26,Yes,Kelley passed federal criminal background checks; the US Air Force failed to provide information on his criminal history to the FBI,semiautomatic rifle,White,M,29.273282,-98.056488,Mass,2017,2017-11-05
Walmart shooting in suburban Denver,"Thornton, Colorado",11/1/17,3,0,3,Other,47,Unclear,TBD,semiautomatic handgun,White,M,39.876374,-104.986132,Mass,2017,2017-11-01
Edgewood businees park shooting,"Edgewood, Maryland",10/18/17,3,3,6,Workplace,37,Unclear,No,handgun,Black,M,39.452189,-76.309988,Mass,2017,2017-10-18
Las Vegas Strip massacre,"Las Vegas, Nevada",10/1/17,60,546,606,Other,64,Yes,Yes,"23 firearms, mostly rifles; including scopes, and two modified for ""fully automatic"" firing; two were mounted on tripods",White,M,36.095739,-115.171544,Mass,2017,2017-10-01
San Francisco UPS shooting,"San Francisco, California",6/14/17,3,2,5,Workplace,38,Yes,No,two handguns,Asian,M,37.765947,-122.406087,Mass,2017,2017-06-14
Pennsylvania supermarket shooting,"Tunkhannock, Pennsylvania",6/7/17,3,0,3,Workplace,24,Unclear,TBD,shotguns,White,M,41.529546,-75.94722,Mass,2017,2017-06-07
Florida awning manufacturer shooting,"Orlando, Florida",6/5/2017,5,0,5,Workplace,45,Unclear,TBD,semiautomatic handgun,-,M,28.580295,-81.294086,Mass,2017,2017-06-05
Rural Ohio nursing home shooting,"Kirkersville, Ohio",5/12/2017,3,0,3,Workplace,43,Yes,TBD,"handgun, shotgun",White,M,39.959034,-82.596508,Mass,2017,2017-05-12
Fresno downtown shooting,"Fresno, California",4/18/2017,3,0,3,Other,39,Unclear,Unknown,handgun,Black,M,36.746378,-119.800319,Mass,2017,2017-04-18
Fort Lauderdale airport shooting,"Fort Lauderdale, Florida",1/6/2017,5,6,11,Airport,26,Yes,Yes,"semiautomatic handgun
",Latino,M,26.072751,-80.143382,Mass,2017,2017-01-06
Cascade Mall shooting,"Burlington, Washington",9/23/2016,5,0,5,Other,20,Yes,TBD,Rifle,-,M,48.461367,-122.337918,Mass,2016,2016-09-23
Baton Rouge police shooting,"Baton Rouge, Lousiana",7/17/2016,3,3,6,Other,29,Yes,Unknown,Two semiautomatic rifles; one semiautomatic handgun,Black,M,30.433601,-91.081403,Spree,2016,2016-07-17
Dallas police shooting,"Dallas, Texas",7/7/2016,5,11,16,Other,25,Unclear,Yes,"Semiautomatic rifle, semiautomatic handguns",Black,M,32.7801052,-96.8000082,Mass,2016,2016-07-07
Orlando nightclub massacre,"Orlando, Florida",6/12/2016,49,53,102,Other,29,Unclear,Yes,"Semiautomatic rifle, semiautomatic handgun",Other,M,28.519718,-81.376777,Mass,2016,2016-06-12
Excel Industries mass shooting,"Hesston, Kansas",2/25/2016,3,14,17,Workplace,38,Unclear,Yes,"Semiautomatic rifle, semiautomatic handgun",Black,M,38.135992,-97.425145,Mass,2016,2016-02-25
Kalamazoo shooting spree,"Kalamazoo County, Michigan",2/20/2016,6,2,8,Other,45,Unclear,Yes,Semiautomatic handgun,White,M,42.236689,-85.674795,Mass,2016,2016-02-20
San Bernardino mass shooting,"San Bernardino, California",12/2/2015,14,21,35,"
Workplace",28,Unclear,"
Yes","Two assault rifles and two semi-automatic pistols were used in the attack. Police found a remote controlled explosive device at the scene of the crime. At the home were 12 pipe bombs, 2,500 rounds for the AR-15 variants, 2,000 rounds for the pistols, and several hundred for a .22 calibre rifle. In the suspects' car were an additional 1,400 rounds for the rifles and 200 for the handguns.",Other,Male & Female,34.075961,-117.27789,Mass,2015,2015-12-02
Planned Parenthood clinic,"Colorado Springs, Colorado",11/27/2015,3,9,12,Workplace,57,Unclear,Unknown,semiautomatic rifle,White,M,38.881031,-104.849057,Mass,2015,2015-11-27
Colorado Springs shooting rampage,"Colorado Springs, Colorado",10/31/2015,3,0,3,Other,33,Unclear,Yes,Two handguns and a rifle,White ,M,38.83755,-104.814251,Mass,2015,2015-10-31
Umpqua Community College shooting,"Roseburg, Oregon",10/1/2015,9,9,18,School,26,Unclear,Yes,"Five pistols, one rifle, five magazines of ammunition",Other,Male,43.289538,-123.333193,Mass,2015,2015-10-01
Chattanooga military recruitment center,"Chattanooga, Tennessee",7/16/2015,5,2,7,Military,24,Unclear,"Yes (""some of the weapons were purchased legally and some of them may not have been"")","2 assault rifles; semiautomatic handgun
",Other,Male,35.047157,-85.311819,Mass,2015,2015-07-16
Charleston Church Shooting,"Charleston, South Carolina",6/17/2015,9,1,10,Religious,21,Unclear,Yes,Handgun,White,Male,32.788387,-79.933143,Mass,2015,2015-06-17
Trestle Trail bridge shooting,"Menasha, Wisconsin",6/11/2015,3,1,4,Other,27,Yes,Yes,"Two handguns
",Latino,M,44.204124,-88.467541,Mass,2015,2015-06-11
Marysville-Pilchuck High School shooting,"Marysville, Washington",10/24/2014,5,1,6,School,15,Unclear,No,Handgun,Native American,Male,48.050824,-122.176918,Mass,2014,2014-10-24
Isla Vista mass murder,"Santa Barbara, California",5/23/2014,6,13,19,School,22,Yes,Yes,Three semi-automatic handguns and two hunting knives,White,M,34.436283,-119.8714406,Mass,2014,2014-05-23
Fort Hood shooting 2,"Fort Hood, Texas",4/3/2014,3,12,15,Military,34,Unclear,"
Yes","handgun
",Latino,M,31.141716,-97.777559,Mass,2014,2014-04-03
Alturas tribal shooting,"Alturas, California",2/20/2014,4,2,6,Other,44,Unknown,Unknown,Two handguns and a butcher knife,Native American,Female,41.487104,-120.542237,Spree,2014,2014-02-20
Washington Navy Yard shooting,"Washington, D.C.",9/16/2013,12,8,20,Military,34,Yes,Yes,"Sawed-off shotgun, 2 boxes of shells; also a .45-caliber handgun taken from a security guard he shot at the scene.",Black,Male,38.874981,-76.99453,Mass,2013,2013-09-16
Hialeah apartment shooting,"Hialeah, Florida",7/26/2013,7,0,7,"Other
",42,Unclear,Yes,9mm semi-automatic handgun,Latino,Male,25.864338,-80.311775,Mass,2013,2013-07-26
Santa Monica rampage,"Santa Monica, California",6/7/2013,6,3,9,"Other
",23,Yes,Yes ,"Assault rifle, high capacity magazines, antique handgun
",White,Male,34.008617,-118.494754,Mass,2013,2013-06-07
Pinewood Village Apartment shooting,"Federal Way, Washington",4/21/2013,5,0,5,"Other
",27,No,Yes,"Semiautomatic handgun, shotgun",Black,Male,47.3129607,-122.3393665,Mass,2013,2013-04-21
Mohawk Valley shootings,"Herkimer County, New York",3/13/2013,5,2,7,Other,64,No,Yes,Shotgun,White,Male,43.045601,-74.984891,Mass,2013,2013-03-13
Sandy Hook Elementary massacre,"Newtown, Connecticut",12/14/2012,27,2,29,School,20,Yes,No,"Two semiautomatic handguns, one rifle (assault), one shotgun (assault)",white,Male,41.4123225,-73.31142358,Mass,2012,2012-12-14
Accent Signage Systems shooting,"Minneapolis, Minnesota",9/27/2012,7,1,8,Workplace,36,Yes,Yes,One semiautomatic handgun,white,Male,44.977425,-93.310408,Mass,2012,2012-09-27
Sikh temple shooting,"Oak Creek, Wisconsin",8/5/2012,7,3,10,Religious,40,Yes,Yes,One semiautomatic handgun,white,Male,42.8858503,-87.8631362,Mass,2012,2012-08-05
Aurora theater shooting,"Aurora, Colorado",7/20/2012,12,70,82,Other,24,Yes,Yes,"Two semiautomatic handguns, one rifle (assault), one shotgun",white,Male,39.706038,-104.820594,Spree,2012,2012-07-20
Seattle cafe shooting,"Seattle, Washington",5/20/2012,6,1,7,Other,40,Yes,Yes,Two semiautomatic handguns,white,Male,47.6038321,-122.3300624,Mass,2012,2012-05-20
Oikos University killings,"Oakland, California",4/2/2012,7,3,10,School,43,Yes,Yes,One semiautomatic handgun,Asian,Male,37.8043808,-122.2708166,Mass,2012,2012-04-02
Su Jung Health Sauna shooting,"Norcross, Georgia",2/21/2012,5,0,5,Other,59,Yes,Yes,One semiautomatic handgun,Asian,Male,33.9412127,-84.2135309,Mass,2012,2012-02-21
Seal Beach shooting,"Seal Beach, California",10/12/2011,8,1,9,Other,42,Yes,Yes,"Two semiautomatic handguns, one revolver",white,Male,33.741176,-118.1046356,Mass,2011,2011-10-12
IHOP shooting,"Carson City, Nevada",9/6/2011,5,7,12,Other,32,Yes,Yes,"Two rifles (both assault), one revolver",Latino,Male,39.1637984,-119.7674034,Mass,2011,2011-09-06
Tucson shooting,"Tucson, Arizona",1/8/2011,6,13,19,Other,22,Yes,Yes,One semiautomatic handgun,white,Male,32.335941,-110.975132,Mass,2011,2011-01-08
Hartford Beer Distributor shooting,"Manchester, Connecticut",8/3/2010,9,2,11,Workplace,34,No,Yes,Two semiautomatic handguns,black,Male,41.798764,-72.570068,Mass,2010,2010-08-03
Coffee shop police killings,"Parkland, Washington",11/29/2009,4,1,5,Other,37,Yes,No,One semiautomatic handgun,black,Male,47.15277,-122.467308,Mass,2009,2009-11-29
Fort Hood massacre,"Fort Hood, Texas",11/5/2009,13,31,44,Military,39,Unclear,Yes,One semiautomatic handgun,Other,Male,31.135557,-97.783664,Mass,2009,2009-11-05
Binghamton shootings,"Binghamton, New York",4/3/2009,14,4,18,Other,41,Yes,Yes,Two semiautomatic handguns,Asian,Male,42.099802,-75.917723,Mass,2009,2009-04-03
Carthage nursing home shooting,"Carthage, North Carolina",3/29/2009,8,3,11,Other,45,Yes,Yes,"One revolver, one shotgun",white,Male,35.333434,-79.414592,Mass,2009,2009-03-29
Atlantis Plastics shooting,"Henderson, Kentucky",6/25/2008,6,1,7,Workplace,25,No,Yes,One semiautomatic handgun,white,Male,37.76721,-87.5573742,Spree,2008,2008-06-25
Northern Illinois University shooting,"DeKalb, Illinois",2/14/2008,5,21,26,School,27,Yes,Yes,"Three semiautomatic handguns, one shotgun",white,Male,41.9294736,-88.7503647,Mass,2008,2008-02-14
Kirkwood City Council shooting,"Kirkwood, Missouri",2/7/2008,6,2,8,Other,52,No,No,"One semiautomatic handgun, one revolver",black,Male,38.580093,-90.40691,Mass,2008,2008-02-07
Westroads Mall shooting,"Omaha, Nebraska",12/5/2007,9,4,13,Other,19,Yes,No,One rifle (assault),white,Male,41.265719,-96.067495,Spree,2007,2007-12-05
Crandon shooting,"Crandon, Wisconsin",10/7/2007,6,1,7,Other,20,Unclear,Yes,One rifle (assault),white,Male,45.5719072,-88.9028922,Mass,2007,2007-10-07
Virginia Tech massacre,"Blacksburg, Virginia",4/16/2007,32,23,55,School,23,Yes,Yes,Two semiautomatic handguns,Asian,Male,37.2295733,-80.4139393,Mass,2007,2007-04-16
Trolley Square shooting,"Salt Lake City, Utah",2/12/2007,6,4,10,Other,18,Unclear,Unknown,"One revolver, one shotgun",white,Male,40.7606467,-111.89109,Mass,2007,2007-02-12
Amish school shooting,"Lancaster County, Pennsylvania",10/2/2006,6,5,11,School,32,No,Yes,"One semiautomatic handgun, one rifle, one shotgun",white,Male,39.9589,-76.0806,Mass,2006,2006-10-02
Capitol Hill massacre,"Seattle, Washington",3/25/2006,7,2,9,Other,28,No,Yes,"Two semiautomatic handguns, one rifle (assault), one shotgun",white,Male,47.6229,-122.3165,Mass,2006,2006-03-25
Goleta postal shootings,"Goleta, California",1/30/2006,8,0,8,Workplace,44,Yes,Yes,One semiautomatic handgun,white,Female,34.425571,-119.866069,Mass,2006,2006-01-30
Red Lake massacre,"Red Lake, Minnesota",3/21/2005,10,5,15,School,16,Yes,No,"Two semiautomatic handguns, one shotgun",Native American,Male,47.876346,-95.0169401,Mass,2005,2005-03-21
Living Church of God shooting,"Brookfield, Wisconsin",3/12/2005,7,4,11,Religious,44,Yes,Yes,One semiautomatic handgun,white,Male,43.0605671,-88.1064787,Spree,2005,2005-03-12
Damageplan show shooting,"Columbus, Ohio",12/8/2004,5,7,12,Other,25,Yes,Yes,One semiautomatic handgun,white,Male,39.9622601,-83.0007065,Mass,2004,2004-12-08
Lockheed Martin shooting,"Meridian, Mississippi",7/8/2003,7,8,15,Workplace,48,Yes,Yes,"One semiautomatic handgun, two rifles, one derringer, one shotgun",white,Male,32.410842,-88.634539,Mass,2003,2003-07-08
Navistar shooting,"Melrose Park, Illinois",2/5/2001,5,4,9,Workplace,66,No,Yes,"Two rifles, one revolver, one shotgun",black,Male,41.908163,-87.879908,Mass,2001,2001-02-05
Wakefield massacre,"Wakefield, Massachusetts",12/26/2000,7,0,7,Workplace,42,Yes,Yes,"One semiautomatic handgun, one rifle (assault), one shotgun",white,Male,42.500429,-71.075913,Mass,2000,2000-12-26
Hotel shooting,"Tampa, Florida",12/30/1999,5,3,8,Workplace,36,Yes,Yes,"One semiautomatic handgun, one revolver",Latino,Male,27.966479,-82.570586,Spree,1999,1999-12-30
Xerox killings,"Honolulu, Hawaii",11/2/1999,7,0,7,Workplace,40,Yes,Yes,One semiautomatic handgun,Asian,Male,21.320063,-157.876462,Spree,1999,1999-11-02
Wedgwood Baptist Church shooting,"Fort Worth, Texas",9/15/1999,8,7,15,Religious,47,Yes,Yes,Two semiautomatic handguns,white,Male,32.664511,-97.384246,Mass,1999,1999-09-15
Atlanta day trading spree killings,"Atlanta, Georgia",7/29/1999,9,13,22,Workplace,44,Yes,Yes,"Three semiautomatic handguns, one revolver",white,Male,33.850116,-84.377839,Mass,1999,1999-07-29
Columbine High School massacre,"Littleton, Colorado",4/20/1999,13,24,37,School,17,Yes,No,"One semiautomatic handgun (assault), one rifle (assault), two shotguns",white,Male,39.604034,-105.074103,Mass,1999,1999-04-20
Thurston High School shooting,"Springfield, Oregon",5/21/1998,4,25,29,School,15,Yes,No,"Two semiautomatic handguns, one rifle",white,Male,44.0462362,-123.0220289,Mass,1998,1998-05-21
Westside Middle School killings,"Jonesboro, Arkansas",3/24/1998,5,10,15,School,11,No,No,"Two semiautomatic handguns, two rifles, three revolvers, two derringers",white,Male,35.8209895,-90.6682606,Mass,1998,1998-03-24
Connecticut Lottery shooting,"Newington, Connecticut",3/6/1998,5,1,6,Workplace,35,Yes,Yes,One semiautomatic handgun,white,Male,41.6856325,-72.72983827,Mass,1998,1998-03-06
Caltrans maintenance yard shooting,"Orange, California",12/18/1997,5,2,7,Workplace,41,No,Yes,One rifle (assault),Latino,Male,33.7877944,-117.8531119,Spree,1997,1997-12-18
R.E. Phelon Company shooting,"Aiken, South Carolina",9/15/1997,4,3,7,Workplace,43,No,No,One semiautomatic handgun,black,Male,33.5598586,-81.721952,Mass,1997,1997-09-15
Fort Lauderdale revenge shooting,"Fort Lauderdale, Florida",2/9/1996,6,1,7,Workplace,41,Yes,Yes,"One semiautomatic handgun, one revolver",black,Male,26.119269,-80.104119,Spree,1996,1996-02-09
Walter Rossler Company massacre,"Corpus Christi, Texas",4/3/1995,6,0,6,Workplace,28,No,Yes,"One semiautomatic handgun, one revolver",unclear,Male,27.828025,-97.548198,Mass,1995,1995-04-03
Air Force base shooting,"Fairchild Air Force Base, Washington",6/20/1994,5,23,28,Military,20,Yes,Yes,One rifle (assault),white,Male,47.61864486,-117.6483587,Mass,1994,1994-06-20
Chuck E. Cheese's killings,"Aurora, Colorado",12/14/1993,4,1,5,Workplace,19,Unclear,Unknown,One semiautomatic handgun,black,Male,39.675599,-104.844845,Mass,1993,1993-12-14
Long Island Rail Road massacre,"Garden City, New York",12/7/1993,6,19,25,Other,35,Yes,Yes,One semiautomatic handgun,black,Male,40.7267682,-73.6342955,Spree,1993,1993-12-07
Luigi's shooting,"Fayetteville, North Carolina",8/6/1993,4,8,12,Other,22,No,Yes,"One rifle, two shotguns",white,Male,35.0529931,-78.8787058,Mass,1993,1993-08-06
101 California Street shootings,"San Francisco, California",7/1/1993,9,6,15,Other,55,No,No,Three semiautomatic handguns (two assault),white,Male,37.792968,-122.397973,Mass,1993,1993-07-01
Watkins Glen killings,"Watkins Glen, New York",10/15/1992,5,0,5,Other,50,Yes,Yes,One semiautomatic handgun,white,Male,42.3810555,-76.8705777,Mass,1992,1992-10-15
Lindhurst High School shooting,"Olivehurst, California",5/1/1992,4,10,14,School,20,No,Yes,"One rifle, one shotgun",white,Male,39.07868761,-121.5475762,Mass,1992,1992-05-01
Royal Oak postal shootings,"Royal Oak, Michigan",11/14/1991,5,5,10,Workplace,31,Yes,Yes,One rifle,white,Male,42.4894801,-83.1446485,Mass,1991,1991-11-14
University of Iowa shooting,"Iowa City, Iowa",11/1/1991,6,1,7,School,28,Unclear,Yes,One revolver,Asian,Male,41.6606893,-91.5302214,Spree,1991,1991-11-01
Luby's massacre,"Killeen, Texas",10/16/1991,24,20,44,Other,35,No,Yes,Two semiautomatic handguns,white,Male,31.1171194,-97.7277959,Mass,1991,1991-10-16
GMAC massacre,"Jacksonville, Florida",6/18/1990,10,4,14,Other,42,No,Yes,"One rifle, one revolver",black,Male,30.3321838,-81.655651,Mass,1990,1990-06-18
Standard Gravure shooting,"Louisville, Kentucky",9/14/1989,9,12,21,Workplace,47,Yes,Yes,"Three semiautomatic handguns (two assault), one rifle (assault), one revolver",white,Male,38.2542376,-85.759407,Mass,1989,1989-09-14
Stockton schoolyard shooting,"Stockton, California",1/17/1989,6,29,35,School,26,Yes,Yes,"One semiautomatic handgun, one rifle (assault)",white,Male,37.9577016,-121.2907796,Mass,1989,1989-01-17
ESL shooting,"Sunnyvale, California",2/16/1988,7,4,11,Workplace,39,Yes,Yes,"Two semiautomatic handguns, one rifle, two revolvers, two shotguns",white,Male,37.3688301,-122.0363496,Mass,1988,1988-02-16
Shopping centers spree killings,"Palm Bay, Florida",4/23/1987,6,14,20,Other,59,Yes,Yes,"One rifle, one revolver, one shotgun",white,Male,28.0331886,-80.6429695,Spree,1987,1987-04-23
United States Postal Service shooting,"Edmond, Oklahoma",8/20/1986,15,6,21,Workplace,44,Unclear ,Yes,Three semiautomatic handguns,white,Male,35.6672015,-97.42937037,Mass,1986,1986-08-20
San Ysidro McDonald's massacre,"San Ysidro, California",7/18/1984,22,19,41,Other,41,Yes,Yes,"One semiautomatic handgun, one rifle (assault), one shotgun",white,Male,32.5520013,-117.0430813,Mass,1984,1984-07-18
Dallas nightclub shooting,"Dallas, Texas",6/29/1984,6,1,7,Other,39,Yes,No,One semiautomatic handgun,white,Male,32.925166,-96.838676,Mass,1984,1984-06-29
Welding shop shooting,"Miami, Florida",8/20/1982,8,3,11,Other,51,Yes,Yes,One shotgun,white,Male,25.796491,-80.226683,Mass,1982,1982-08-20
